actual,predicted,difference
5.3,4.6241996537641175,0.6758003462358824
5.8,5.696428029054298,0.10357197094570214
3.8,5.027850523076675,-1.2278505230766754
5.6,4.720541725130996,0.8794582748690036
7.5,7.919460205251547,-0.41946020525154726
6.1,5.872175911329982,0.22782408867001802
5.7,4.915620216543736,0.7843797834562638
6.8,6.91987007174801,-0.1198700717480099
7.1,6.655971223326243,0.44402877667375673
5.0,6.610288991819911,-1.6102889918199113
5.8,5.623166933351037,0.17683306664896303
6.5,6.076290696860127,0.4237093031398729
6.9,6.636089379757177,0.2639106202428234
5.0,5.012357782870317,-0.012357782870316747
6.4,6.112737253415373,0.28726274658462714
6.6,6.449954617560214,0.15004538243978605
5.4,5.059410163552082,0.3405898364479185
3.8,5.1470261934452655,-1.3470261934452656
6.1,5.833314126152801,0.2666858738471989
8.3,7.636738190206386,0.6632618097936147
8.8,8.059334370825031,0.7406656291749698
7.4,7.891773386557791,-0.49177338655779046
5.7,4.549726466063577,1.1502735339364234
4.3,5.046379921163158,-0.7463799211631583
4.7,5.658669472521242,-0.9586694725212421
6.7,6.510164792406327,0.18983520759367334
5.6,5.753970179955191,-0.15397017995519136
6.0,6.413238967276037,-0.4132389672760368
6.9,6.410818596795313,0.4891814032046877
7.0,7.667652226119035,-0.667652226119035
7.9,6.889145173674479,1.010854826325521
4.5,4.455592789043667,0.04440721095633293
7.7,7.608925452712214,0.09107454728778652
4.8,5.2153212064182535,-0.41532120641825365
8.7,8.18387914969064,0.5161208503093597
4.3,4.7082631313109635,-0.4082631313109637
6.7,5.574270603866565,1.1257293961334351
8.0,7.1427043800258545,0.8572956199741455
4.6,5.13389072813944,-0.5338907281394407
7.1,7.59517929094664,-0.49517929094664037
7.1,6.675230755940765,0.42476924405923455
6.7,6.764362013008279,-0.06436201300827893
5.0,5.31279573339248,-0.31279573339247957
5.0,5.584482988151462,-0.5844829881514624
7.2,6.991540088223509,0.20845991177649115
6.0,6.01747550893704,-0.017475508937040196
6.6,6.685281598970605,-0.08528159897060572
6.0,4.897875391601392,1.1021246083986078
4.9,4.86976220989001,0.030237790109990392
6.0,6.167436556078855,-0.16743655607885533
8.6,7.70839466648604,0.8916053335139598
5.2,6.613885191201729,-1.4138851912017287
8.7,7.966039517995057,0.7339604820049423
7.0,6.743125135599502,0.25687486440049767
5.0,5.2250228091851145,-0.22502280918511453
7.8,7.714550816039699,0.08544918396030088
5.4,5.380034777730259,0.01996522226974129
6.1,7.001600025681022,-0.9016000256810219
6.9,6.639674566996422,0.2603254330035787
6.3,6.401367665331024,-0.10136766533102382
5.8,5.97716899763353,-0.17716899763353045
5.2,4.979833051319238,0.22016694868076225
8.2,7.47578822398447,0.7242117760155296
7.5,7.83000128719272,-0.3300012871927196
4.5,5.0835422051092065,-0.5835422051092065
7.7,7.910982731983082,-0.2109827319830817
8.0,7.96611960378859,0.03388039621141026
7.8,7.634776544772993,0.16522345522700643
4.9,5.216275341027506,-0.3162753410275059
5.1,4.773626410277438,0.3263735897225617
5.1,5.217189863868329,-0.11718986386832952
6.0,4.977904504967796,1.0220954950322039
7.2,7.149284647026818,0.050715352973182526
6.0,6.961458677943631,-0.9614586779436314
6.6,6.517308945643167,0.08269105435683244
4.9,5.326570904913567,-0.4265709049135671
7.9,7.654609196173249,0.24539080382675138
4.1,5.293647344636177,-1.1936473446361777
8.1,7.711219298389869,0.38878070161013056
4.7,4.825443420941868,-0.12544342094186778
8.0,7.427976282699432,0.572023717300568
5.9,5.363954796835084,0.5360452031649166
6.0,5.790864124520687,0.2091358754793129
4.1,5.699310544382028,-1.5993105443820284
6.0,7.333702213617203,-1.3337022136172028
5.3,6.984560602811101,-1.6845606028111009
3.9,5.033672796917382,-1.133672796917382
6.2,6.790687510860711,-0.590687510860711
4.0,5.134703409886103,-1.1347034098861029
4.8,4.908670869720378,-0.10867086972037843
5.3,5.074874053270944,0.2251259467290554
8.2,8.207116290357648,-0.007116290357648936
4.8,5.041026096174368,-0.24102609617436777
8.2,7.1304353570204,1.069564642979599
4.9,5.317613570481381,-0.4176135704813806
8.0,7.3121691180010036,0.6878308819989964
8.4,8.184794165388341,0.21520583461165899
4.3,5.406657225466416,-1.1066572254664164
6.0,5.808804658349186,0.19119534165081387
7.9,7.542157390994894,0.35784260900510656
5.0,5.178208721593051,-0.1782087215930508
6.8,6.36970839120841,0.43029160879159
4.7,5.965363740279985,-1.2653637402799847
6.7,6.491464425136054,0.20853557486394614
6.3,6.277481055758514,0.022518944241485706
6.7,6.581005935083884,0.11899406491611586
8.0,7.891178272804096,0.10882172719590422
6.0,6.032228505942009,-0.0322285059420091
8.0,7.172220043715671,0.8277799562843287
8.0,7.598172501690818,0.4018274983091823
9.1,7.892059799512608,1.2079402004873918
5.0,5.658773605267045,-0.6587736052670454
7.0,6.696788694298335,0.303211305701665
4.0,4.67567207637955,-0.6756720763795503
5.9,6.606541046796751,-0.706541046796751
5.3,4.765009873056856,0.5349901269431436
7.7,7.995472791037715,-0.2954727910377146
7.1,6.69033728804424,0.4096627119557592
5.7,6.493406987948118,-0.793406987948118
8.0,7.943626128566067,0.0563738714339328
5.0,6.219350975836365,-1.219350975836365
4.5,4.848276714666555,-0.34827671466655463
8.0,8.382384953488408,-0.3823849534884083
4.3,5.353053717263577,-1.0530537172635768
5.4,5.843087119429787,-0.4430871194297863
5.0,4.790672519370628,0.2093274806293719
4.4,4.720542100230022,-0.3205421002300213
4.9,5.58405541957258,-0.6840554195725792
4.6,4.922376700796288,-0.3223767007962888
6.0,5.90491676385669,0.09508323614331005
8.3,7.294215940849602,1.0057840591503986
7.5,7.5769610804848115,-0.07696108048481154
6.0,6.765146037524548,-0.7651460375245476
6.0,5.041565609575163,0.9584343904248369
5.2,5.2675683534195645,-0.06756835341956435
7.0,6.502753367146854,0.4972466328531464
6.0,6.2294217026154906,-0.22942170261549055
6.0,5.989390724359974,0.010609275640026006
8.6,6.899311710097639,1.7006882899023603
8.5,7.524465817516893,0.9755341824831074
5.0,5.363598019153482,-0.363598019153482
8.9,7.776609461510809,1.1233905384891916
5.9,5.952690504276889,-0.05269050427688882
6.0,6.224428941682657,-0.2244289416826568
6.0,6.687588490012484,-0.6875884900124838
8.0,7.571157920842368,0.42884207915763195
8.4,8.114925438703317,0.2850745612966836
6.1,6.108570054819525,-0.008570054819525552
8.4,7.281300149428414,1.118699850571586
6.2,6.410908418140422,-0.21090841814042172
5.2,6.152348812713621,-0.9523488127136206
5.0,4.647395162835211,0.3526048371647894
7.1,7.525235979159364,-0.42523597915936406
5.6,5.247609611611209,0.3523903883887902
7.3,7.379621064175115,-0.07962106417511539
7.0,6.562981008723499,0.437018991276501
5.0,5.010922619068455,-0.010922619068455042
6.7,6.4023275379047675,0.2976724620952327
6.5,6.711497062242775,-0.21149706224277498
5.1,4.7306363027915115,0.36936369720848816
6.7,6.479998869998153,0.2200011300018474
5.5,4.855155287766791,0.6448447122332093
9.2,6.954954937037153,2.2450450629628467
7.1,5.966447951835497,1.1335520481645025
4.0,4.675476575296622,-0.6754765752966216
5.1,4.721476165382545,0.37852383461745465
6.0,4.5621584834217455,1.4378415165782545
7.1,5.917583300817427,1.182416699182573
7.1,6.646563823683011,0.4534361763169885
5.6,4.5974097414802655,1.0025902585197342
7.0,6.69477390061938,0.3052260993806204
4.4,4.61648867894129,-0.21648867894128987
6.2,5.684639267888847,0.5153607321111533
5.6,5.2342245296036936,0.3657754703963061
8.5,7.433649918675934,1.0663500813240656
6.3,7.104716467673402,-0.8047164676734022
8.3,7.410586766731971,0.88941323326803
7.9,7.013090762991967,0.8869092370080329
6.0,6.797719017659753,-0.7977190176597526
5.8,5.998781275513939,-0.1987812755139391
9.1,8.089090515622003,1.010909484377997
5.3,4.99977136607563,0.3002286339243696
6.8,6.206211020015319,0.5937889799846809
5.2,5.2108496321145354,-0.010849632114535268
4.7,4.369321638436656,0.3306783615633444
7.9,7.736712255138292,0.16328774486170872
5.3,4.8304010841789635,0.4695989158210363
5.0,4.869783709221361,0.13021629077863928
6.0,6.124769341510158,-0.12476934151015762
6.3,6.555177938854971,-0.2551779388549713
4.9,5.3352550481055925,-0.4352550481055921
6.9,6.000347673948205,0.899652326051795
5.9,6.178926621639103,-0.2789266216391022
5.0,5.597454634021878,-0.5974546340218776
7.6,8.045788101239413,-0.4457881012394136
5.0,5.557991632377984,-0.5579916323779841
5.1,4.834278055345361,0.26572194465463905
8.1,8.053024819165543,0.04697518083445651
4.6,5.312326110224483,-0.7123261102244838
7.3,6.6208167154218565,0.6791832845781434
5.0,5.378255639127614,-0.3782556391276142
5.2,4.779065487286202,0.42093451271379845
6.1,5.416436185666868,0.683563814333132
6.8,5.925747240422369,0.8742527595776304
6.2,5.3285646491203735,0.8714353508796266
6.0,6.393228725373526,-0.39322872537352627
7.1,7.078737855052088,0.021262144947911565
7.2,7.89225817957071,-0.6922581795707101
7.2,6.622822644383661,0.5771773556163389
5.3,4.6664918979492285,0.6335081020507713
4.0,4.759428951866584,-0.7594289518665844
7.5,7.747935698910068,-0.24793569891006761
5.0,5.294766683432001,-0.29476668343200085
5.3,4.789283912404808,0.5107160875951919
6.9,7.173058735971327,-0.27305873597132635
5.9,4.596018434605388,1.3039815653946123
5.7,5.280246697574817,0.4197533024251836
7.1,7.1628900391852675,-0.06289003918526781
4.1,5.067781742669649,-0.9677817426696498
5.3,5.337712003431333,-0.03771200343133341
8.1,7.735229950658365,0.3647700493416348
4.9,5.04614428385368,-0.14614428385367972
7.7,8.029516978769749,-0.3295169787697487
4.2,5.240999157948217,-1.0409991579482165
4.1,5.1709881217526386,-1.070988121752639
7.7,7.59448493720193,0.10551506279807032
6.7,6.708354780125231,-0.008354780125230832
5.2,5.3251355783925005,-0.12513557839250034
6.4,5.816364450655898,0.5836355493441028
7.0,7.481732649646977,-0.48173264964697715
8.9,7.855216765748529,1.0447832342514713
6.0,7.019692248065977,-1.0196922480659767
8.3,7.500498361902712,0.799501638097289
8.2,7.534824392019719,0.66517560798028
4.9,4.792512086120013,0.10748791387998757
5.8,7.73150942233756,-1.9315094223375597
7.9,7.166195584446795,0.7338044155532053
8.0,7.749646570534617,0.25035342946538286
8.4,7.848191043378497,0.5518089566215032
5.2,5.568827125402745,-0.36882712540274465
9.0,7.443415019835047,1.5565849801649527
5.0,6.065059514323152,-1.0650595143231518
5.0,5.401467135320964,-0.40146713532096356
6.0,6.045774598632719,-0.045774598632719155
7.5,7.030356308884461,0.4696436911155386
5.0,5.506955554105156,-0.506955554105156
6.0,7.339169453692497,-1.339169453692497
6.9,6.2815037013022454,0.6184962986977549
8.2,7.745477549678834,0.4545224503211651
5.7,4.963318485109068,0.7366815148909325
7.0,7.1559349978125555,-0.1559349978125555
8.6,7.182355398425131,1.4176446015748683
4.0,5.064448549424553,-1.0644485494245526
5.1,5.486740993008014,-0.3867409930080141
7.9,6.607361550683708,1.2926384493162928
6.8,6.957208762361536,-0.15720876236153636
6.2,5.776617170902065,0.42338282909793534
8.8,7.479472968888306,1.3205270311116948
8.9,7.977367300318461,0.9226326996815395
7.2,7.5953899966873735,-0.3953899966873733
4.8,4.992692298464935,-0.19269229846493552
6.0,5.795511841102813,0.2044881588971874
4.7,5.561804705187148,-0.861804705187148
5.5,4.720110665023887,0.7798893349761133
4.6,4.978613867500282,-0.3786138675002819
5.4,4.728638098820792,0.6713619011792087
6.8,6.131120211808576,0.6688797881914237
8.0,7.6045609134014445,0.39543908659855553
6.9,6.30408719878644,0.5959128012135606
8.5,8.204051888980374,0.2959481110196265
4.5,5.103349506458083,-0.6033495064580832
5.4,6.009836480281715,-0.6098364802817144
6.0,4.807470561448186,1.192529438551814
4.3,5.387085612884974,-1.087085612884974
5.6,5.692487770703304,-0.09248777070330405
6.0,6.1519960185906015,-0.15199601859060152
5.0,5.236549986339786,-0.23654998633978597
4.8,4.786653911231854,0.013346088768146025
4.1,5.156238807550668,-1.0562388075506686
7.6,8.414780219254204,-0.8147802192542049
8.0,7.622860626733015,0.377139373266985
8.0,7.813909795267234,0.18609020473276594
8.0,7.795073261182094,0.2049267388179059
6.3,6.628943755402184,-0.3289437554021841
7.4,7.313717908731072,0.08628209126892816
5.0,4.979451226617266,0.020548773382733643
5.1,5.1486731571752715,-0.048673157175271875
6.0,5.851251307868866,0.14874869213113406
6.0,5.840168702061971,0.15983129793802942
5.7,5.05712652536221,0.6428734746377902
5.9,5.3076564455260815,0.5923435544739188
5.9,6.19363248690886,-0.29363248690885957
6.9,7.034517990849936,-0.1345179908499352
4.7,5.264927122594762,-0.5649271225947619
5.6,5.389908841729438,0.21009115827056135
7.5,7.731519310127646,-0.23151931012764582
8.5,7.278941078991796,1.2210589210082041
4.9,5.420400211512105,-0.5204002115121042
9.1,8.343576253903489,0.7564237460965106
7.0,6.856251082914403,0.14374891708559723
5.3,4.842077083443069,0.45792291655693074
6.4,6.100911041602225,0.2990889583977756
4.6,5.013694556385185,-0.4136945563851855
5.0,5.416766621598902,-0.4167666215989021
5.9,5.342760259970086,0.5572397400299147
6.0,6.5790877868552675,-0.5790877868552675
7.0,7.200341246141977,-0.2003412461419769
7.3,6.90934775661786,0.39065224338213955
8.3,7.511169466533168,0.7888305334668324
6.7,6.714243628225355,-0.014243628225354854
8.1,7.541483571249142,0.5585164287508579
6.5,5.841878507846884,0.658121492153116
5.9,6.108646037406606,-0.2086460374066057
7.8,7.040312109546206,0.7596878904537938
6.5,6.051454607900813,0.4485453920991871
4.9,5.215122288177942,-0.31512228817794163
5.9,5.989928310824385,-0.08992831082438446
4.7,5.267385590690796,-0.5673855906907956
4.3,4.663172676424535,-0.36317267642453555
5.2,5.167104728694264,0.032895271305735996
5.0,5.287887961783908,-0.2878879617839081
8.1,7.402130848624463,0.6978691513755368
6.0,4.933550442526123,1.0664495574738773
4.7,4.547978242458185,0.15202175754181546
4.9,4.9530382932517965,-0.0530382932517961
7.0,7.004879511027342,-0.004879511027342076
6.0,6.016178366123662,-0.01617836612366208
7.4,7.374571816866756,0.025428183133244353
8.5,8.245844595614022,0.25415540438597795
8.7,8.200661598789207,0.4993384012107924
8.5,6.973828015931755,1.5261719840682453
5.0,5.482766757277145,-0.4827667572771448
7.2,6.98825478249274,0.21174521750725983
5.4,5.401307939539254,-0.0013079395392532334
6.0,5.9653313676754385,0.03466863232456152
7.6,7.853117082682667,-0.2531170826826674
4.2,5.621768745572996,-1.4217687455729955
5.6,4.649398062759244,0.9506019372407559
5.0,5.104944314313075,-0.10494431431307483
4.2,5.652687962027899,-1.4526879620278992
8.4,7.746953389199076,0.6530466108009243
6.4,5.89841498207054,0.5015850179294601
7.2,7.319169399687221,-0.11916939968722051
6.7,6.8336106645282175,-0.13361066452821735
7.1,6.838217462732096,0.26178253726790324
5.0,6.484398433352062,-1.4843984333520623
5.8,5.9226607933928275,-0.12266079339282765
5.6,4.758269224105318,0.8417307758946819
4.9,7.048629286410797,-2.148629286410797
5.2,5.2007491838749775,-0.000749183874977355
6.4,6.31553973314966,0.08446026685034003
6.5,6.060834176477697,0.4391658235223028
6.6,6.04623511709277,0.5537648829072293
6.4,6.432805542208245,-0.032805542208244276
8.8,8.043678753417696,0.7563212465823046
6.9,6.78707258365203,0.11292741634797032
3.9,4.985294245344132,-1.0852942453441323
5.8,4.391668922109137,1.408331077890863
7.0,7.407776542157145,-0.4077765421571451
6.0,6.372161832332038,-0.37216183233203814
4.7,5.522656712129955,-0.8226567121299544
5.0,6.310554887111534,-1.3105548871115342
8.2,7.8647072286630895,0.3352927713369098
6.0,6.560553436681067,-0.5605534366810669
5.9,5.279220425098832,0.6207795749011682
4.9,6.628866866406364,-1.7288668664063636
4.3,5.1236071586360366,-0.8236071586360367
4.8,5.293318566547694,-0.49331856654769446
8.1,7.084005417448104,1.0159945825518957
4.0,5.066970538966168,-1.0669705389661681
5.0,5.371532839325391,-0.3715328393253907
8.0,8.184606852216962,-0.18460685221696238
6.5,5.798741459528435,0.7012585404715654
7.6,8.299640512983595,-0.6996405129835956
6.9,6.321990386061465,0.5780096139385353
4.4,4.668018681976088,-0.2680186819760877
6.4,6.629533942422623,-0.2295339424226226
7.0,6.609076808316689,0.3909231916833109
5.6,5.157570758916779,0.4424292410832207
6.2,4.890820986096154,1.3091790139038464
4.5,4.708736774998143,-0.20873677499814303
6.8,5.867258446903325,0.9327415530966752
4.8,4.583193553608338,0.21680644639166147
5.2,5.641293401709914,-0.44129340170991416
6.0,7.307411701161877,-1.307411701161877
6.0,5.633594594882259,0.36640540511774056
8.9,8.485704691732408,0.414295308267592
5.9,5.9281098840889275,-0.028109884088927117
7.5,6.788281667108605,0.7117183328913947
7.7,7.525331615637841,0.17466838436215948
5.1,5.40197076617104,-0.30197076617104024
5.0,5.115337256234385,-0.11533725623438507
5.8,5.302065523788143,0.4979344762118565
7.9,8.433154174052934,-0.5331541740529335
7.5,7.806479589940251,-0.3064795899402508
6.9,6.827547234881949,0.07245276511805177
5.8,5.24177157829333,0.5582284217066702
4.0,4.74953763076037,-0.7495376307603703
4.0,5.712691028415623,-1.7126910284156232
7.4,7.206066204721686,0.19393379527831467
6.3,6.712604163948511,-0.41260416394851074
7.0,6.359548206548824,0.6404517934511764
6.0,5.502238587841246,0.4977614121587539
7.0,6.760813082802178,0.2391869171978218
8.6,7.698867829171074,0.9011321708289257
6.3,6.184045894582278,0.115954105417722
7.8,7.428750736048673,0.3712492639513272
4.7,4.797284609893456,-0.09728460989345589
7.6,7.855646523462883,-0.2556465234628833
8.0,7.50007306793999,0.49992693206000993
4.5,4.502612693243442,-0.0026126932434422656
5.1,5.419598612790594,-0.3195986127905943
4.3,5.1688913068063105,-0.8688913068063107
6.9,6.626309501585035,0.2736904984149655
8.0,6.614386055315695,1.3856139446843052
6.0,7.039192715729834,-1.0391927157298344
6.8,6.208872441360289,0.5911275586397107
5.0,7.0557280461102465,-2.0557280461102465
3.9,4.857656008462859,-0.9576560084628594
5.1,4.959292240891312,0.14070775910868782
8.0,7.969215922995527,0.03078407700447272
5.8,5.181801386429828,0.618198613570172
4.3,4.713092097371746,-0.413092097371746
3.6,4.8840836605199405,-1.2840836605199404
5.4,4.399326914486521,1.0006730855134798
5.0,5.055221096044645,-0.055221096044644646
6.5,6.197704595370728,0.3022954046292723
4.9,5.764133181998696,-0.8641331819986959
6.6,6.111681805606674,0.4883181943933259
8.0,7.950787727526823,0.049212272473177165
4.2,5.282036368716925,-1.082036368716925
4.9,4.672638032103948,0.22736196789605234
5.1,5.937218226584901,-0.8372182265849011
6.7,6.072791618379302,0.6272083816206981
8.6,8.140881330839317,0.45911866916068256
8.4,7.5270741155593175,0.8729258844406829
4.9,4.581642280828039,0.31835771917196176
4.9,5.461282143358049,-0.5612821433580484
4.8,6.378581804244534,-1.5785818042445339
7.3,7.298002118620932,0.0019978813790677563
7.0,6.554364651415371,0.44563534858462894
4.8,4.760874188043042,0.03912581195695797
6.3,5.608180846904346,0.6918191530956541
4.0,4.481728604312601,-0.4817286043126012
6.7,7.018014544529244,-0.3180145445292437
8.3,7.614095752882546,0.6859042471174543
4.4,5.137520245564938,-0.7375202455649372
5.0,5.85961963739109,-0.8596196373910896
7.4,6.608111239327486,0.7918887606725145
6.0,4.8603682230829595,1.1396317769170405
8.0,7.447427860407005,0.5525721395929946
6.8,6.228605932515918,0.5713940674840821
8.0,7.189280694029476,0.8107193059705242
7.0,6.8554058620715415,0.14459413792845854
8.7,7.764569559885651,0.9354304401143487
7.1,7.173974060320491,-0.07397406032049147
7.9,7.0563336912110595,0.8436663087889409
6.1,5.541267556271888,0.558732443728112
6.0,5.662906603571971,0.3370933964280294
7.8,7.649423166987151,0.15057683301284897
4.5,4.860680640546004,-0.3606806405460041
6.6,6.393143251679562,0.20685674832043777
8.0,8.400694085267986,-0.4006940852679861
7.9,7.709496625563315,0.19050337443668575
8.4,7.191687554019943,1.2083124459800576
7.3,7.644438161950182,-0.3444381619501824
4.6,4.602933883109989,-0.0029338831099892104
6.8,7.504725491500773,-0.7047254915007732
7.1,6.961064823181532,0.13893517681846745
6.2,6.5924329187004505,-0.3924329187004503
5.6,4.6219074972433205,0.9780925027566791
8.0,7.123662868935394,0.8763371310646058
5.9,7.2103948983142265,-1.3103948983142262
7.0,8.045528717373973,-1.0455287173739727
5.0,6.569449234237479,-1.5694492342374788
4.8,5.580389049571408,-0.7803890495714079
8.0,6.675688686692853,1.3243113133071471
4.6,6.3668254612510955,-1.7668254612510959
8.3,7.449431877698073,0.8505681223019277
5.9,5.631069805276271,0.2689301947237297
5.0,6.699019366563991,-1.6990193665639914
4.5,4.961752746139091,-0.4617527461390907
5.7,4.405880052080353,1.294119947919647
8.0,7.60412184323811,0.3958781567618903
5.3,4.882293169111145,0.4177068308888545
4.6,5.27423860829638,-0.6742386082963803
4.5,4.7457394797432055,-0.24573947974320554
5.2,5.912378108513926,-0.712378108513926
7.1,8.396233365208133,-1.296233365208133
5.1,6.142476088056477,-1.0424760880564774
8.0,7.670696693537145,0.32930330646285544
6.0,5.671438711359835,0.32856128864016476
8.0,7.655631294334393,0.34436870566560707
7.5,7.745246688571384,-0.24524668857138376
5.2,5.247572036294467,-0.04757203629446671
4.9,5.067551330123439,-0.16755133012343837
5.5,5.154989632054858,0.34501036794514217
5.6,5.0529311608356995,0.5470688391643002
8.7,7.146464601349014,1.5535353986509852
6.9,7.347822310839069,-0.44782231083906865
8.0,7.363296328582454,0.6367036714175462
6.4,6.3377136772904485,0.06228632270955181
4.7,6.579202598155677,-1.8792025981556773
4.0,5.076404428868128,-1.0764044288681278
6.0,5.999094955672029,0.0009050443279710052
6.1,4.807907208876427,1.2920927911235722
8.1,7.984993677125658,0.11500632287434165
6.0,5.982733177005579,0.017266822994421283
6.0,5.748331026988135,0.2516689730118653
7.9,7.58332186616952,0.3166781338304805
7.5,6.420549237158106,1.0794507628418941
4.0,4.357979808500321,-0.3579798085003212
5.5,5.289298959812878,0.21070104018712232
5.0,5.297845967159438,-0.29784596715943756
5.0,5.6501480335082075,-0.6501480335082075
5.4,4.784576728701643,0.6154232712983569
4.1,5.5770471360998854,-1.4770471360998858
5.8,6.082816046486455,-0.2828160464864551
5.1,4.911226571156183,0.18877342884381676
5.0,5.29098360244613,-0.2909836024461301
7.0,7.623367331079334,-0.6233673310793337
4.0,5.117921385144681,-1.1179213851446814
7.4,7.4548679697055995,-0.05486796970559915
4.1,5.015396799800511,-0.9153967998005115
7.1,6.280821435369864,0.8191785646301355
4.1,5.0714937210359725,-0.9714937210359729
5.6,5.606126584377888,-0.006126584377888378
6.9,6.613966136215675,0.2860338637843256
5.8,5.925162652637037,-0.1251626526370373
4.9,5.610626554490669,-0.7106265544906689
4.6,4.678426791030781,-0.07842679103078165
5.3,4.67852100478724,0.62147899521276
7.4,7.324431963847939,0.07556803615206142
5.1,4.4771012550372395,0.6228987449627601
6.3,6.424917251340192,-0.12491725134019216
6.1,5.605951501124357,0.4940484988756424
6.0,6.12618357070827,-0.12618357070827013
5.2,4.8599073634093575,0.3400926365906427
9.0,7.613901982159563,1.3860980178404372
4.8,5.575920533151243,-0.7759205331512433
7.8,8.30560227351975,-0.5056022735197496
5.0,5.986536106349552,-0.9865361063495524
4.4,4.723577672846282,-0.323577672846282
5.9,7.115943194060055,-1.2159431940600545
5.1,5.249675583372099,-0.1496755833720993
5.7,6.34104964792313,-0.64104964792313
5.4,4.323482931579408,1.0765170684205927
7.0,6.734535683435165,0.2654643165648354
6.0,7.469467855900075,-1.4694678559000751
4.3,4.843072717598121,-0.5430727175981209
5.0,5.280217657068721,-0.2802176570687207
8.0,7.8831736881179175,0.11682631188208248
5.1,4.833100555143984,0.2668994448560156
7.6,7.591985106750126,0.008014893249873367
6.2,6.232368659896576,-0.03236865989657556
6.5,6.477189378496849,0.02281062150315094
7.3,7.161695649675188,0.1383043503248116
8.8,8.093885785349118,0.7061142146508832
4.1,5.054532292691601,-0.9545322926916011
9.1,7.401922893616003,1.6980771063839963
5.1,5.166430077581279,-0.06643007758127961
7.0,6.396747249633789,0.6032527503662113
6.2,6.511760094092643,-0.3117600940926426
5.0,5.08334159224502,-0.08334159224502002
5.5,5.237493229692956,0.26250677030704406
7.6,7.430577371616413,0.1694226283835869
8.1,7.749137550304829,0.3508624496951702
6.8,7.438818575084306,-0.6388185750843061
8.0,6.809787736822681,1.1902122631773189
6.0,5.098405888449637,0.901594111550363
4.1,5.018486088628628,-0.9184860886286286
6.2,6.639185087521187,-0.4391850875211869
7.0,7.700809922831792,-0.7008099228317919
7.0,6.459354689250157,0.5406453107498432
7.5,7.347606094326229,0.15239390567377065
8.1,7.3762209958842675,0.7237790041157321
8.7,7.432293419873971,1.2677065801260285
6.2,5.808713931518132,0.3912860684818682
4.4,5.069939084042691,-0.6699390840426904
6.4,6.41921983276339,-0.019219832763389455
6.0,4.757010851240142,1.2429891487598583
4.2,4.728075326055843,-0.5280753260558431
6.3,7.045383479721628,-0.7453834797216281
5.1,4.912235273690075,0.1877647263099247
4.0,5.0124144045845505,-1.0124144045845505
5.8,6.651126069271778,-0.8511260692717784
5.0,5.207788184384785,-0.20778818438478464
8.1,7.429044852055804,0.6709551479441958
4.8,5.593587889320994,-0.7935878893209942
6.0,6.46352418898937,-0.4635241889893704
8.4,7.4935398811590925,0.9064601188409078
7.2,7.155935386310738,0.04406461368926262
8.1,7.237523038469144,0.8624769615308558
6.7,6.875679270354132,-0.17567927035413167
8.1,8.052778099163453,0.04722190083654709
6.0,5.082528737039354,0.9174712629606461
8.0,8.180331327475724,-0.18033132747572367
4.9,5.01145716842113,-0.11145716842113007
6.1,5.035686723910268,1.0643132760897318
5.8,5.516413799122689,0.2835862008773109
6.0,5.803726258684773,0.19627374131522668
8.3,7.34115406463197,0.9588459353680303
7.8,7.302106542428652,0.4978934575713474
7.0,7.78962876984434,-0.7896287698443398
5.1,4.643186142431953,0.45681385756804627
4.0,5.131576625592507,-1.1315766255925066
7.8,7.051544130927937,0.7484558690720631
6.3,6.320697904156918,-0.020697904156918412
5.9,5.824250484243012,0.0757495157569883
7.0,6.479755160902281,0.5202448390977192
4.2,5.114552442727355,-0.9145524427273548
6.0,6.007978965434572,-0.007978965434571883
4.0,5.157309745094238,-1.1573097450942376
8.9,7.311458943741447,1.5885410562585536
5.2,4.946044810639468,0.2539551893605321
5.0,5.16477425467791,-0.1647742546779103
5.0,5.410578037324791,-0.41057803732479137
4.9,6.930328339247604,-2.0303283392476033
4.7,4.410000581418433,0.2899994185815675
6.0,5.409848206569884,0.5901517934301159
5.3,4.499182874601582,0.8008171253984182
4.4,5.4595211426221475,-1.0595211426221471
7.0,6.652200591215278,0.3477994087847218
6.6,6.2049346375776935,0.39506536242230617
4.8,4.8660536000178025,-0.0660536000178027
6.0,5.984638183445278,0.015361816554722019
5.0,4.583934309804727,0.41606569019527306
4.7,4.791370659559184,-0.09137065955918366
5.2,4.4029976092454355,0.7970023907545647
4.7,4.7882293700513054,-0.08822937005130527
4.5,4.683210455573631,-0.18321045557363114
7.0,7.2895379369065685,-0.2895379369065685
7.9,7.141331049032077,0.7586689509679232
5.0,4.512171589264083,0.48782841073591676
6.3,6.656303233514917,-0.3563032335149172
5.2,5.272297179233033,-0.0722971792330327
7.7,7.182705889545847,0.5172941104541531
8.2,7.877655928419816,0.32234407158018286
5.4,4.812026462661282,0.5879735373387183
6.0,6.437610114054553,-0.43761011405455275
5.0,4.821754587558148,0.17824541244185177
6.9,6.988575856337683,-0.08857585633768306
8.0,7.8464611685078625,0.15353883149213754
5.6,4.694959528397126,0.9050404716028737
4.9,5.253367547912312,-0.3533675479123115
6.0,6.434613542769384,-0.4346135427693838
7.5,6.746533905134088,0.753466094865912
6.0,5.814584341861838,0.18541565813816163
6.7,7.0379255766853674,-0.33792557668536727
7.7,8.097141830874213,-0.3971418308742125
6.9,6.8778737637634055,0.02212623623659482
8.0,8.165873360191823,-0.16587336019182253
5.7,5.152681371631381,0.5473186283686191
5.9,6.976155152311958,-1.0761551523119577
7.0,6.960585997247009,0.03941400275299056
6.0,5.8388815898744815,0.16111841012551853
4.9,4.532830342616895,0.3671696573831049
7.0,6.773521246828153,0.22647875317184685
8.5,8.208750890547371,0.29124910945262883
7.0,5.709179953071926,1.290820046928074
8.5,7.432125064186893,1.0678749358131068
6.3,6.325542518153876,-0.02554251815387598
8.6,7.845439473316911,0.7545605266830888
8.2,7.7850953163096985,0.41490468369030076
6.1,5.355740902506319,0.7442590974936802
5.0,5.4857957231303,-0.48579572313030006
7.0,7.135781460518752,-0.13578146051875173
8.8,7.827164609706591,0.9728353902934099
4.3,4.785062933472439,-0.485062933472439
6.2,6.092058569429674,0.10794143057032635
7.7,7.479740255754297,0.22025974424570283
7.0,6.5282258659313674,0.47177413406863256
6.0,5.632978074494777,0.36702192550522295
6.3,6.116666344705631,0.18333365529436918
7.1,6.23006221509822,0.8699377849017793
5.6,5.258556426677105,0.3414435733228949
6.0,5.422999538345232,0.5770004616547677
9.2,7.895973556342933,1.304026443657066
6.0,7.50298429737715,-1.5029842973771501
5.7,5.874671983210001,-0.17467198321000055
6.9,5.964122586350958,0.9358774136490426
7.4,7.5401326697713476,-0.1401326697713472
4.8,5.121923115882761,-0.3219231158827611
4.8,5.214912941415552,-0.4149129414155519
4.0,5.951857165838289,-1.9518571658382893
7.0,7.576148589192898,-0.5761485891928979
7.1,7.047520857752497,0.05247914224750261
4.8,5.1820601654682745,-0.3820601654682747
5.2,5.46343634884436,-0.26343634884436007
6.8,7.1797487775162425,-0.3797487775162427
4.7,5.870075560493972,-1.1700755604939719
7.0,6.759403595132067,0.240596404867933
6.4,6.134676890403255,0.26532310959674543
4.6,4.482655862426671,0.11734413757332884
4.1,4.73922382191275,-0.6392238219127506
7.9,7.514418318160112,0.3855816818398887
4.6,5.1147459669029445,-0.5147459669029448
9.0,7.971896755556742,1.0281032444432583
5.2,4.662970209660308,0.5370297903396919
6.2,5.5042871813204055,0.6957128186795947
6.3,5.9026139594080815,0.3973860405919183
6.8,6.791522326979204,0.008477673020795606
6.2,6.1998761919642185,0.00012380803578171395
6.0,5.741309531613267,0.2586904683867326
7.0,6.484764788353132,0.5152352116468677
8.5,7.89557464594185,0.6044253540581499
8.0,6.852024342566762,1.1479756574332383
7.1,7.939849678930286,-0.8398496789302863
5.7,6.911351992070351,-1.2113519920703508
6.0,5.641933627974973,0.3580663720250268
8.5,7.444614216834737,1.0553857831652627
5.8,5.474413385322083,0.32558661467791694
6.6,5.55065388820364,1.0493461117963596
6.8,6.9789795159491685,-0.17897951594916872
4.9,5.561031123809387,-0.6610311238093862
6.0,5.215168783976311,0.7848312160236892
6.0,5.176188996961951,0.823811003038049
7.5,7.753779517093106,-0.25377951709310587
4.8,5.664623232128912,-0.8646232321289125
7.4,7.06765433911324,0.33234566088676054
5.4,5.471623760355036,-0.07162376035503559
5.7,4.890771909209349,0.8092280907906515
7.9,7.643974356663926,0.25602564333607436
7.6,7.315612321043276,0.28438767895672346
8.3,7.61515375119409,0.6848462488059104
5.0,4.77239062145099,0.2276093785490101
6.8,6.387142049078585,0.4128579509214152
7.2,8.596973366197098,-1.3969733661970976
8.4,7.751108848996137,0.6488911510038635
7.0,6.390577726774508,0.6094222732254924
4.2,5.16443690635723,-0.9644369063572302
5.2,4.527587429251377,0.672412570748623
7.9,7.657854339224378,0.2421456607756225
8.5,7.940356252155014,0.5596437478449863
7.2,7.717935381634781,-0.5179353816347811
8.0,7.6925996338672835,0.3074003661327165
7.6,7.778926970575576,-0.17892697057557605
5.9,5.658150091616271,0.24184990838372933
4.0,4.795377158889468,-0.795377158889468
7.9,6.858113152699593,1.0418868473004075
7.0,7.611549396664778,-0.6115493966647776
8.3,7.0518590126364105,1.2481409873635902
9.0,7.321321361108963,1.6786786388910366
5.5,4.69593755967927,0.8040624403207302
5.2,6.65669204213119,-1.4566920421311895
6.4,6.266706428152276,0.13329357184772395
6.4,5.982060659068194,0.41793934093180596
4.3,5.043579897855353,-0.7435798978553532
3.8,4.547631411497874,-0.7476314114978742
4.3,5.19150139906432,-0.8915013990643201
5.0,5.112459314224872,-0.11245931422487221
7.0,6.99443885751289,0.00556114248711026
6.4,6.120371319841734,0.27962868015826636
5.0,5.536820064937341,-0.5368200649373414
6.0,5.760466711154033,0.23953328884596736
5.9,7.275671789699386,-1.3756717896993855
4.8,4.629231574715995,0.17076842528400515
5.1,4.951985689926681,0.1480143100733189
4.6,5.282648925708081,-0.6826489257080812
4.8,6.2820508292676855,-1.4820508292676857
6.3,7.057740558463025,-0.7577405584630252
4.9,4.716344415871244,0.18365558412875593
5.3,5.921135108782122,-0.6211351087821217
6.9,6.277728012599102,0.6222719874008984
6.1,6.928278271755622,-0.8282782717556225
8.0,7.400671912853099,0.5993280871469011
5.8,6.026886329173559,-0.226886329173559
4.0,5.03449537270315,-1.0344953727031498
7.0,6.837133182722884,0.16286681727711638
5.0,4.388827084208803,0.6111729157911974
4.2,5.308223612267475,-1.1082236122674747
6.7,6.599851666012652,0.1001483339873479
3.9,5.129454722967391,-1.229454722967391
8.0,7.5024232792232315,0.4975767207767685
7.0,6.296198228745219,0.7038017712547813
5.0,5.575793043278708,-0.5757930432787077
7.0,6.741163095790949,0.25883690420905126
8.0,6.946597577326176,1.0534024226738241
5.2,6.393942069598489,-1.1939420695984886
6.0,6.189061149051972,-0.18906114905197224
6.6,6.3855947733136,0.2144052266863996
6.0,6.212708941365715,-0.21270894136571528
4.0,4.95515265982946,-0.9551526598294604
8.4,6.797551564640408,1.6024484353595927
5.2,6.761182620846123,-1.5611826208461226
7.9,7.507719058365903,0.3922809416340973
6.8,6.0891924809403735,0.7108075190596264
7.8,7.4496069061869274,0.3503930938130724
6.7,6.78336523827656,-0.08336523827655995
4.2,5.050848588631299,-0.8508485886312984
4.2,5.272193632505856,-1.072193632505856
7.1,6.933267927698388,0.16673207230161147
8.0,7.226152838547095,0.7738471614529052
6.3,6.032883671513101,0.2671163284868987
7.0,6.938072178871762,0.061927821128238136
7.0,6.425081662780603,0.5749183372193967
8.8,7.455672923251807,1.3443270767481934
6.2,5.980175897665811,0.21982410233418914
8.9,8.521123958289737,0.3788760417102637
8.5,7.612956436348047,0.8870435636519529
8.3,7.4556246339660746,0.8443753660339262
7.8,7.320866872534839,0.4791331274651611
5.8,4.73462277003607,1.0653772299639295
6.0,6.059395443836032,-0.059395443836032236
5.0,5.334423689789601,-0.3344236897896007
7.0,6.332328038867954,0.6676719611320463
7.0,6.563447291616369,0.4365527083836307
7.6,7.911325255720585,-0.3113252557205852
4.1,4.830014607874567,-0.7300146078745673
7.7,7.43408442851089,0.26591557148910994
5.1,5.3984838486547275,-0.2984838486547279
5.2,5.038596058649022,0.16140394135097846
5.6,5.550064880236347,0.049935119763652835
5.0,6.232672206386921,-1.2326722063869209
6.4,6.8411061577174115,-0.44110615771741113
5.9,5.780086300673222,0.1199136993267782
8.9,7.177664108037496,1.722335891962504
6.0,7.271440754843121,-1.2714407548431206
8.5,7.296455700474728,1.203544299525272
4.9,5.445575745155193,-0.545575745155193
5.5,5.61452325008508,-0.11452325008507991
4.8,4.902245650855068,-0.10224565085506843
5.8,6.088201326320393,-0.28820132632039286
7.0,7.07207809642106,-0.07207809642105989
8.8,7.704902790049297,1.095097209950704
7.2,7.091793319631262,0.10820668036873826
7.0,7.031385052061138,-0.03138505206113784
6.0,5.750790088024228,0.2492099119757718
4.6,5.135747888788557,-0.5357478887885572
9.0,7.075156643244378,1.9248433567556216
7.7,7.665073546324757,0.03492645367524361
5.0,5.457800127351486,-0.45780012735148556
6.9,6.5471569595884676,0.3528430404115328
7.0,5.977982953043731,1.022017046956269
6.9,6.213721781549108,0.6862782184508927
6.0,6.514478668411253,-0.514478668411253
8.2,7.481720319287589,0.7182796807124099
5.9,5.811276814310203,0.08872318568979765
5.8,7.33796711792666,-1.5379671179266605
7.2,7.076619555003763,0.12338044499623724
8.0,7.650484964894168,0.34951503510583226
7.0,7.57790931498214,-0.5779093149821399
6.8,5.8487624384483325,0.9512375615516673
8.2,7.816106235587472,0.38389376441252754
7.4,7.012552374763738,0.38744762523626264
5.1,5.980605387233706,-0.8806053872337065
5.9,4.453661631494784,1.4463383685052165
5.0,4.724107164958342,0.27589283504165785
6.5,6.943423317415394,-0.44342331741539365
6.0,5.655250910935307,0.3447490890646927
5.4,5.1198776995838875,0.28012230041611286
8.7,7.016197468299172,1.6838025317008274
7.9,7.231837937177165,0.6681620628228355
4.1,4.976694325864315,-0.8766943258643156
5.7,5.554614490019688,0.1453855099803123
9.1,7.481900132070749,1.6180998679292502
5.1,6.646656739730694,-1.546656739730694
5.8,5.663724293115064,0.13627570688493584
5.6,4.476811639043549,1.1231883609564504
7.1,6.343780705790672,0.7562192942093278
6.5,6.316964429944775,0.18303557005522464
6.0,6.171533083155425,-0.17153308315542493
8.3,7.880055313216237,0.4199446867837633
5.0,5.233438827850395,-0.23343882785039494
4.2,5.070866754452652,-0.8708667544526518
4.2,5.281057712929848,-1.081057712929848
8.7,7.570679804510409,1.1293201954895906
6.1,6.663116081371584,-0.5631160813715841
4.0,5.002096634118205,-1.002096634118205
6.5,6.396776260325052,0.1032237396749478
8.9,8.317191972928779,0.5828080270712217
6.1,6.159308989139562,-0.05930898913956195
7.1,6.656543672969931,0.4434563270300682
8.0,7.8093744998136305,0.19062550018636948
6.8,6.633994851841877,0.1660051481581224
4.8,4.65845457373334,0.14154542626666
5.0,5.156320502471002,-0.1563205024710017
5.6,5.112795078580408,0.4872049214195915
6.9,6.66759701960245,0.23240298039755025
6.3,6.837967935770842,-0.5379679357708422
4.8,4.975645592420812,-0.17564559242081224
6.4,5.258489592321609,1.1415104076783917
5.3,5.505919059136562,-0.20591905913656205
5.0,5.573609841006542,-0.573609841006542
8.9,7.721235823492876,1.1787641765071246
5.2,5.7690293621096,-0.5690293621095996
5.1,4.7940208554332795,0.30597914456672015
8.1,8.36663128431428,-0.26663128431428085
5.9,7.016193136457512,-1.116193136457512
7.5,7.8654615845878135,-0.3654615845878135
4.7,4.516015304008894,0.18398469599110623
8.7,7.756848250010533,0.9431517499894664
4.4,5.366408064769574,-0.9664080647695741
6.1,6.106629518059748,-0.006629518059748207
6.8,6.465626697170731,0.3343733028292686
8.5,7.227044390818255,1.2729556091817447
5.0,5.552130358435777,-0.5521303584357771
7.2,6.948900316492151,0.2510996835078494
6.0,5.448126983065174,0.5518730169348256
8.0,7.894161656495754,0.10583834350424581
5.0,4.943821118044748,0.056178881955252
7.2,7.937536206284011,-0.7375362062840107
6.7,6.131799971683458,0.568200028316542
7.0,6.876366660623129,0.12363333937687138
6.8,6.726128182203757,0.07387181779624274
4.7,4.934064014327895,-0.23406401432789448
8.5,8.229623628043957,0.27037637195604347
6.6,6.54628769165153,0.053712308348469406
6.0,6.173038902217978,-0.17303890221797769
4.0,4.996505069962029,-0.996505069962029
7.3,7.080329639838238,0.21967036016176156
5.0,5.834203711642755,-0.834203711642755
7.0,6.922230677231527,0.07776932276847326
7.0,6.826044746424716,0.17395525357528374
6.3,5.871983698674891,0.42801630132510926
5.1,5.302391197458328,-0.20239119745832834
8.0,7.377290092572041,0.622709907427959
6.7,6.827231753992651,-0.12723175399265063
5.5,5.305306087010029,0.19469391298997074
5.9,4.935072405911744,0.9649275940882562
3.7,5.415372971479844,-1.7153729714798436
6.1,5.988722895103447,0.11127710489655307
6.9,7.124243525913743,-0.2242435259137423
5.4,5.313711698342287,0.08628830165771362
6.0,5.834479590417071,0.16552040958292924
6.8,6.787860772973262,0.012139227026738197
6.0,5.6855198241432445,0.3144801758567555
5.0,4.585667119216412,0.4143328807835882
5.4,5.492700322639564,-0.09270032263956374
7.3,6.9497341740843535,0.35026582591564637
4.5,5.381181795086093,-0.8811817950860927
7.0,7.207454896350279,-0.2074548963502787
6.4,5.973256168502278,0.4267438314977223
5.1,5.677881234681949,-0.5778812346819491
5.9,7.511588986488925,-1.6115889864889246
5.8,4.7998313768369245,1.0001686231630753
4.1,5.388260194919418,-1.2882601949194186
4.8,4.687291936935823,0.11270806306417658
5.7,5.339844642581554,0.3601553574184466
7.8,7.25073168278766,0.5492683172123396
5.8,4.717705085123256,1.0822949148767442
9.0,7.794705059825498,1.2052949401745021
6.3,6.5148404997890665,-0.21484049978906672
7.0,7.232768199877733,-0.23276819987773312
4.7,4.950406023447968,-0.2504060234479679
7.6,7.567729412573838,0.03227058742616151
5.7,5.908750591143952,-0.20875059114395178
4.2,5.103856779575437,-0.9038567795754364
5.0,6.592037117300309,-1.5920371173003094
4.9,6.199951558841627,-1.2999515588416264
5.9,6.5314962890419075,-0.6314962890419071
6.2,4.9495893528555,1.2504106471445002
7.0,7.314248971626325,-0.31424897162632526
6.7,5.484397057095653,1.2156029429043471
4.0,5.078303220702754,-1.0783032207027539
8.0,8.031941362134294,-0.03194136213429388
7.5,7.466814072683307,0.03318592731669323
8.0,7.847232838619506,0.15276716138049373
5.3,7.022862425053964,-1.7228624250539646
4.7,4.654942085901864,0.045057914098135754
5.1,4.7531802571011195,0.3468197428988802
5.4,5.544029012283501,-0.14402901228350107
5.2,4.859175359753985,0.3408246402460149
6.8,6.542875495051328,0.25712450494867145
6.3,6.322232609557983,-0.02223260955798345
6.9,6.244848820377273,0.6551511796227274
5.0,4.642023460516484,0.3579765394835164
7.6,8.6720591281553,-1.072059128155301
5.0,5.520499980782807,-0.520499980782807
5.2,4.855084887918199,0.34491511208180103
6.2,6.745704783077876,-0.5457047830778761
8.0,8.312227562697576,-0.3122275626975757
6.0,6.886227274883104,-0.8862272748831037
6.2,7.27630392912957,-1.07630392912957
7.0,7.139520218586731,-0.13952021858673103
6.9,6.930688938429752,-0.03068893842975129
7.4,7.52248734394165,-0.12248734394164984
4.2,4.970040406380749,-0.7700404063807484
6.2,6.98419062492469,-0.7841906249246895
8.6,7.333106826597702,1.2668931734022975
6.0,5.064371310042986,0.9356286899570136
4.2,4.796025778607744,-0.5960257786077436
5.0,5.380211468079324,-0.3802114680793238
7.3,6.316552728987253,0.9834472710127464
6.0,5.829835378402669,0.1701646215973307
4.8,5.627322873596624,-0.827322873596624
6.9,6.810701986269413,0.08929801373058766
4.2,4.986808790100278,-0.7868087901002783
7.0,6.055052528830763,0.9449474711692369
5.6,5.649191754198599,-0.049191754198599114
5.9,5.146465443270653,0.7535345567293472
4.9,5.487930326251923,-0.5879303262519224
5.3,5.778493372243821,-0.47849337224382094
6.4,6.011888675292671,0.3881113247073298
7.0,6.969522621516522,0.030477378483477757
6.5,6.86585376174979,-0.3658537617497899
8.7,7.8378541174583045,0.8621458825416948
8.3,7.373579998315287,0.926420001684714
5.4,4.842617388923793,0.557382611076207
6.1,5.783834275727995,0.31616572427200484
6.5,6.4544735823505786,0.04552641764942145
8.0,8.022522477558159,-0.022522477558158727
6.2,6.59383166814223,-0.39383166814223003
6.0,5.952674285007283,0.047325714992717316
4.5,4.7111498680600485,-0.21114986806004854
5.7,5.911078677797136,-0.2110786777971354
5.8,7.362318221044844,-1.562318221044844
8.0,7.573835950328998,0.4261640496710024
5.3,4.613385520317943,0.6866144796820572
4.8,5.417874667878552,-0.617874667878552
6.9,6.329819303720854,0.570180696279146
5.5,4.648327054280008,0.8516729457199919
7.1,7.751504429434201,-0.6515044294342012
6.6,6.500907499762215,0.09909250023778426
5.6,4.690812346614187,0.9091876533858123
5.5,4.8523189916906535,0.6476810083093465
6.5,5.720115657867796,0.7798843421322044
8.3,7.278930027498442,1.021069972501559
6.0,6.445643202129548,-0.4456432021295482
7.6,6.742440328308232,0.8575596716917673
6.5,5.658712717174456,0.8412872828255438
8.2,7.418989180278581,0.7810108197214181
6.2,6.08931081702384,0.11068918297616026
5.6,4.924083298734564,0.6759167012654359
5.0,5.4242814882288295,-0.4242814882288295
7.9,7.657560091066186,0.2424399089338145
7.2,7.166907074022031,0.03309292597796887
4.8,6.188831221614685,-1.3888312216146854
9.2,7.961243858081568,1.2387561419184312
5.7,6.147827315699332,-0.44782731569933176
4.5,5.410092149440786,-0.9100921494407856
6.0,6.1125242592067925,-0.11252425920679254
5.6,4.78633337720333,0.8136666227966698
6.1,6.861636418769381,-0.7616364187693812
5.7,4.537030891224279,1.1629691087757212
7.0,7.221781820504009,-0.22178182050400874
6.0,5.997643475452043,0.002356524547956873
6.3,5.700327217542922,0.5996727824570778
8.0,7.641749060696885,0.35825093930311525
6.1,5.851471277524098,0.24852872247590163
4.2,4.382260697815909,-0.18226069781590848
6.0,5.701686475640356,0.298313524359644
4.2,4.649027045721084,-0.4490270457210839
4.7,4.7420291570069,-0.04202915700690024
8.1,7.941037081251952,0.15896291874804724
7.0,6.355615860914105,0.6443841390858953
6.7,6.725993439355615,-0.02599343935561471
5.1,4.796349535980064,0.30365046401993556
5.4,4.641899614422341,0.7581003855776594
4.7,4.790601570894166,-0.0906015708941661
6.2,5.689800090675299,0.5101999093247009
5.0,5.353027630802287,-0.35302763080228683
6.8,5.927945134414542,0.8720548655854579
6.0,6.464661481426012,-0.4646614814260124
8.5,7.770319377755168,0.7296806222448318
8.1,7.934504892131347,0.16549510786865262
4.7,4.8017744372213205,-0.10177443722132029
5.5,5.890045307900176,-0.3900453079001762
8.0,7.587832846289989,0.4121671537100111
7.1,5.63024005168019,1.46975994831981
4.3,5.446135677083452,-1.1461356770834525
5.2,5.617413550928446,-0.4174135509284458
7.0,7.570101064302182,-0.5701010643021824
7.8,7.5588314442965,0.24116855570350015
4.6,5.342256320329521,-0.7422563203295214
4.1,4.699113296801093,-0.599113296801093
8.7,7.710107933253881,0.9898920667461182
4.7,4.994677409253251,-0.2946774092532509
8.1,7.583867717612683,0.5161322823873169
6.8,6.37800249768859,0.42199750231140953
7.3,7.775088151944393,-0.47508815194439347
5.3,4.731739617399604,0.5682603826003962
5.0,5.6700326361559625,-0.6700326361559625
5.7,5.714858087984541,-0.014858087984540802
8.1,6.928742996939185,1.1712570030608145
6.8,6.626007205902798,0.17399279409720148
6.2,6.3493574862280795,-0.14935748622807932
4.3,5.194581445916709,-0.8945814459167094
6.7,6.1173221923149175,0.5826778076850827
4.4,4.978728382852872,-0.578728382852872
6.2,6.141315047838963,0.05868495216103753
7.8,7.428460383900548,0.37153961609945174
5.0,4.958514635094156,0.04148536490584398
6.9,5.986033007451493,0.9139669925485077
7.6,7.464542718132828,0.13545728186717199
7.0,7.159733942030343,-0.15973394203034275
4.8,6.558841572074811,-1.758841572074811
5.0,4.2470440499657265,0.7529559500342735
5.1,5.684107741874881,-0.584107741874881
8.0,7.575911685052594,0.4240883149474062
5.0,5.9872118747131235,-0.9872118747131235
6.6,6.300489371375905,0.2995106286240947
4.4,4.936275629691954,-0.5362756296919535
6.0,6.211871615055756,-0.21187161505575602
4.9,4.482151179440372,0.41784882055962846
4.8,5.105088075696362,-0.30508807569636254
4.2,4.932630839698483,-0.7326308396984826
6.3,6.293717546191091,0.0062824538089092385
6.9,6.380549837684428,0.5194501623155725
4.7,5.209084141941862,-0.5090841419418615
6.8,6.279304614894654,0.5206953851053457
5.0,5.370116045209105,-0.37011604520910524
8.2,7.6768100577947695,0.5231899422052297
5.9,6.165175537516414,-0.26517553751641376
7.5,7.5321728152356755,-0.0321728152356755
4.9,5.052149884064905,-0.15214988406490448
4.3,4.729908886644649,-0.42990888664464944
6.9,6.181300320305449,0.7186996796945513
8.2,7.164639453604445,1.0353605463955544
7.0,7.111539763093482,-0.11153976309348224
4.5,5.981075915952447,-1.481075915952447
5.2,4.596757046697464,0.6032429533025363
4.1,4.978977996675148,-0.8789779966751485
4.9,4.692083165444104,0.20791683455589638
6.3,6.241002013717355,0.05899798628264463
4.9,4.470919402484454,0.4290805975155463
6.3,6.283478503578566,0.016521496421433746
4.9,4.591281965521638,0.3087180344783622
5.9,5.566363465439189,0.333636534560811
5.7,4.758217445937559,0.9417825540624412
8.3,7.012626582359157,1.2873734176408433
7.3,7.568205324852107,-0.268205324852107
8.0,6.735877511311232,1.264122488688768
5.6,5.372343038805733,0.22765696119426693
5.1,7.4010953084954805,-2.301095308495481
7.1,6.077436181129781,1.0225638188702186
6.9,6.191350530377299,0.708649469622701
7.0,6.545153420234115,0.45484657976588494
7.0,8.209490888132038,-1.2094908881320379
6.9,6.659903165163523,0.2400968348364776
8.0,7.5779151575419235,0.42208484245807654
7.2,8.092661274868927,-0.8926612748689271
7.0,7.614859131801667,-0.6148591318016674
6.7,6.39702643908704,0.30297356091296024
5.0,5.471986548118677,-0.4719865481186769
4.6,4.803182400074274,-0.20318240007427413
7.0,6.984628135687326,0.0153718643126739
5.3,6.227944257833242,-0.927944257833242
8.8,7.924088995373224,0.8759110046267766
7.1,7.4143567955270555,-0.31435679552705587
7.1,6.679808974643966,0.4201910253560337
7.5,7.487666525774503,0.012333474225497021
8.0,6.86322166536627,1.1367783346337301
6.3,6.110612644369086,0.18938735563091402
6.1,5.834986173357523,0.26501382664247686
7.4,7.106428684572883,0.29357131542711734
4.2,5.526769139738747,-1.3267691397387464
6.2,6.792094625574917,-0.5920946255749167
6.0,5.851584321708908,0.1484156782910917
4.9,5.695919175362477,-0.795919175362477
4.9,5.480901818065354,-0.580901818065354
6.2,6.199944536543935,5.5463456065218963e-05
8.0,8.041839643596614,-0.04183964359661374
7.0,6.9182320958344015,0.08176790416559854
7.2,6.518862677703393,0.6811373222966068
5.2,4.917830611637763,0.28216938836223715
6.4,6.063939440706095,0.3360605592939052
6.5,5.936125198045545,0.563874801954455
6.2,6.4929155274315775,-0.29291552743157734
8.0,6.7483929007312184,1.2516070992687816
7.9,7.501866222552721,0.3981337774472795
4.8,4.713966896942005,0.08603310305799461
6.6,6.5067476917397675,0.09325230826023212
7.0,6.097959122629175,0.9020408773708253
9.0,7.912913857954135,1.087086142045865
6.7,8.007282620812425,-1.3072826208124253
7.8,7.512160344489414,0.2878396555105862
8.6,7.469744511998592,1.1302554880014073
7.3,6.9109762022732895,0.38902379772671036
7.4,7.763607597235148,-0.3636075972351476
5.0,5.940594213076899,-0.9405942130768992
4.1,4.426605513212137,-0.3266055132121375
5.9,4.788972431403019,1.111027568596981
6.0,5.265237193609619,0.734762806390381
7.0,6.629472097994013,0.3705279020059873
7.5,8.385800153508884,-0.8858001535088835
5.3,5.183418752264112,0.11658124773588785
6.5,5.7721165080499865,0.7278834919500135
4.7,4.783221431666844,-0.08322143166684359
6.5,6.782905477211649,-0.28290547721164927
5.9,4.818059156312363,1.0819408436876374
7.0,7.8820835951205,-0.8820835951205002
7.5,7.8583270050561245,-0.35832700505612447
6.1,6.000802975813806,0.0991970241861937
4.5,5.118738416088704,-0.6187384160887044
6.0,6.317440798235774,-0.31744079823577387
7.0,6.4023521416308355,0.5976478583691645
7.1,6.662974420032661,0.4370255799673384
5.8,4.443271034131976,1.3567289658680242
6.0,7.310249614453893,-1.3102496144538929
8.2,7.785474381428889,0.41452561857111014
5.9,5.749297511395789,0.1507024886042112
7.1,7.933675272359232,-0.8336752723592324
5.6,4.664194154107299,0.935805845892701
6.4,6.1874629809504675,0.21253701904953282
7.6,7.531679175097394,0.06832082490260571
7.0,7.043247002492781,-0.04324700249278113
6.7,6.324270147479433,0.3757298525205668
4.8,5.500202962787546,-0.7002029627875466
7.2,7.455375764750171,-0.25537576475017065
7.1,7.812796739890681,-0.7127967398906812
7.0,6.7901626890915985,0.20983731090840152
7.1,6.478876245877856,0.6211237541221433
4.5,4.967953509488016,-0.46795350948801584
6.0,5.831086500753301,0.16891349924669896
8.0,7.779984341897713,0.2200156581022874
5.0,6.021674840075327,-1.0216748400753266
4.0,5.110019472091732,-1.1100194720917322
5.0,4.465233862736293,0.5347661372637074
7.5,7.4441632542647955,0.055836745735204474
6.6,6.321611985407562,0.278388014592438
5.3,5.653802580701087,-0.35380258070108717
7.5,6.894583938797452,0.6054160612025479
8.0,7.37823127447742,0.6217687255225801
4.7,5.035399841525047,-0.33539984152504676
4.0,4.969055424164777,-0.9690554241647771
4.9,6.425983625800478,-1.5259836258004773
6.7,6.7730811935540975,-0.07308119355409737
8.1,7.448701938547992,0.6512980614520076
6.6,6.722145722563743,-0.12214572256374367
5.0,5.506492806744503,-0.5064928067445029
9.0,7.481829012834029,1.5181709871659708
4.4,5.062039457385634,-0.6620394573856334
8.3,7.433161044931609,0.8668389550683919
6.4,6.4966564534186295,-0.09665645341862916
6.0,7.532167709331397,-1.5321677093313966
5.9,4.708846556346569,1.1911534436534312
4.2,4.818341360977275,-0.6183413609772748
4.1,5.615267744484278,-1.5152677444842784
5.5,4.8391425552197,0.6608574447802997
8.1,6.440431849625993,1.6595681503740067
5.8,6.492714170108187,-0.6927141701081876
7.8,7.850646807391723,-0.05064680739172278
7.1,8.096342552541454,-0.9963425525414547
4.3,5.156181476228083,-0.856181476228083
7.7,7.960866240950534,-0.26086624095053423
4.5,5.375629256052187,-0.8756292560521874
8.9,7.218171401869016,1.6818285981309842
6.3,6.0566676757682245,0.2433323242317753
5.0,5.3595288266088685,-0.35952882660886853
8.3,7.467728949077346,0.832271050922655
5.0,5.866908649611797,-0.8669086496117968
5.7,4.944240887674843,0.7557591123251575
8.6,7.446911339020402,1.1530886609795976
8.2,7.269082558840356,0.930917441159643
6.0,6.139203774003654,-0.13920377400365425
5.1,4.481100118717828,0.6188998812821715
5.0,5.155428893173438,-0.155428893173438
4.1,4.8397524208379545,-0.7397524208379549
6.5,6.592190022517483,-0.09219002251748343
7.4,6.337163870418973,1.0628361295810276
7.2,7.6948026309762705,-0.4948026309762703
7.5,7.219721445169511,0.28027855483048913
5.0,5.712236979035528,-0.7122369790355281
4.0,5.293019861771414,-1.2930198617714144
6.3,6.441175527073173,-0.14117552707317316
5.2,5.134534953881271,0.06546504611872894
3.8,4.711118808525812,-0.9111188085258126
7.0,7.077835344141105,-0.07783534414110527
8.0,6.814141530855626,1.1858584691443737
5.0,5.790657282918018,-0.7906572829180183
6.1,6.035432225376056,0.06456777462394392
7.8,7.837802962037875,-0.037802962037875254
8.0,7.3893048811190685,0.6106951188809315
7.2,6.963437853788559,0.23656214621144134
6.7,6.195018747836898,0.5049812521631019
6.9,7.708928499900009,-0.8089284999000084
4.0,5.122014961970538,-1.122014961970538
6.2,5.953043076111854,0.24695692388814638
7.9,7.009855447030192,0.890144552969808
6.0,6.257582745063915,-0.25758274506391476
4.0,5.053047585653442,-1.0530475856534416
5.7,5.189863059075944,0.5101369409240561
6.0,6.442838780922749,-0.44283878092274875
5.6,4.517465909415762,1.0825340905842378
6.0,5.914898296441131,0.08510170355886881
8.0,8.031179585165065,-0.031179585165064694
8.5,7.655567677734494,0.8444323222655061
3.9,5.098036457914746,-1.1980364579147458
4.1,4.758411276712442,-0.6584112767124424
6.7,6.891811722401957,-0.19181172240195643
5.8,6.354894447063026,-0.5548944470630266
8.2,8.200577845164094,-0.0005778451640949811
4.9,4.868459946572973,0.031540053427026926
6.8,6.047794773680007,0.752205226319993
8.0,7.227594163734844,0.7724058362651558
6.0,5.9668039161407025,0.03319608385929751
8.0,7.528443770005648,0.4715562299943521
6.4,7.006213302188325,-0.6062133021883245
6.2,6.436774994649574,-0.23677499464957386
6.7,5.643391738486599,1.056608261513401
7.8,7.584107521880542,0.215892478119458
8.1,8.314400049766501,-0.2144000497665015
5.0,4.315377831028373,0.684622168971627
4.4,5.053665766459433,-0.653665766459433
7.0,6.955136350994385,0.0448636490056149
7.4,8.498770198416532,-1.0987701984165312
6.0,7.69217437389742,-1.6921743738974202
8.1,6.847927925839965,1.2520720741600346
5.0,5.647581696066627,-0.6475816960666272
5.0,5.48006774090315,-0.4800677409031504
6.8,6.242579140145711,0.5574208598542887
4.0,5.126422344091512,-1.1264223440915124
4.5,5.08752199305915,-0.5875219930591502
9.0,7.85400505629019,1.1459949437098098
6.2,6.2641075383032705,-0.06410753830327032
7.9,7.667209330064622,0.23279066993537878
6.6,5.964950311494112,0.6350496885058874
7.1,7.65213101714463,-0.5521310171446308
8.0,7.507611347737677,0.4923886522623233
6.1,6.267850216101965,-0.16785021610196527
5.0,5.466469684447359,-0.46646968444735926
6.6,6.4785679339293045,0.12143206607069512
6.8,7.794397381654235,-0.9943973816542355
6.0,5.656486792583105,0.34351320741689495
4.8,5.160248791966693,-0.36024879196669346
5.2,5.418283714192748,-0.21828371419274806
8.1,7.510370635149947,0.5896293648500528
7.3,7.251157994444643,0.04884200555535667
6.8,6.31046565171452,0.4895343482854795
8.0,8.25349688606472,-0.25349688606472043
6.1,6.590283253583524,-0.49028325358352465
4.3,5.160993040031907,-0.8609930400319072
8.8,7.433081172646153,1.3669188273538477
6.8,6.332168137675224,0.46783186232477547
6.1,4.8201716672867585,1.2798283327132411
7.8,7.904928032671924,-0.10492803267192397
6.2,6.49228674612019,-0.29228674612018946
6.7,7.518455472975313,-0.8184554729753124
5.8,4.711177482900693,1.0888225170993069
5.4,4.710181706485896,0.6898182935141044
7.0,7.690206212681521,-0.6902062126815212
7.0,6.559025163106259,0.44097483689374073
7.2,6.692502427336603,0.5074975726633975
5.8,5.177358727604576,0.6226412723954242
4.0,5.025042194277979,-1.0250421942779786
6.3,6.277635504801667,0.022364495198332612
8.0,7.964681637020645,0.0353183629793552
5.4,4.702757420894796,0.6972425791052039
8.6,8.402070605580866,0.19792939441913404
4.2,4.661735906370936,-0.46173590637093564
8.4,7.5613235173519495,0.8386764826480508
6.4,6.708126851680302,-0.30812685168030196
6.5,6.06763613131705,0.43236386868295007
4.5,5.715019044172925,-1.2150190441729247
6.0,5.425275684683221,0.5747243153167787
6.1,5.85307257435287,0.24692742564712944
6.9,7.602373611064161,-0.7023736110641607
5.0,5.2304364848777425,-0.2304364848777425
7.0,6.841616710794954,0.1583832892050463
5.8,6.012207464631012,-0.21220746463101214
7.4,7.407042549066285,-0.007042549066284209
5.0,6.2103640247189675,-1.2103640247189675
6.1,6.777264248203865,-0.6772642482038655
8.1,8.207008954449186,-0.10700895444918679
6.0,6.084218947048166,-0.08421894704816602
5.9,6.564853710085962,-0.6648537100859615
8.6,7.247960469537579,1.3520395304624202
6.0,6.062280358831136,-0.06228035883113581
7.1,6.053601562136592,1.0463984378634077
8.5,7.600632091877071,0.8993679081229287
5.0,6.732045506628101,-1.7320455066281006
6.4,6.104895929751597,0.2951040702484038
6.0,6.496813256673732,-0.49681325667373244
8.5,7.56359216760284,0.9364078323971601
6.0,5.749698292808794,0.25030170719120637
8.0,8.401405420919456,-0.4014054209194562
7.0,6.3484357023297395,0.6515642976702605
8.8,7.426399623613167,1.3736003763868334
5.8,5.157510530288479,0.6424894697115207
6.0,5.623222117364611,0.37677788263538936
5.0,5.937191472570244,-0.9371914725702437
6.1,6.159132285971407,-0.059132285971407406
8.0,8.005006034990554,-0.005006034990554298
6.0,5.225707590008056,0.7742924099919444
6.0,6.784412483324642,-0.7844124833246422
5.0,4.407164360628709,0.592835639371291
8.0,7.541314103496641,0.45868589650335867
7.9,6.783703307049573,1.116296692950427
7.0,6.964835113860304,0.03516488613969582
6.0,6.152896819913458,-0.15289681991345816
5.0,5.491088188582624,-0.4910881885826237
8.5,7.4391142443830605,1.0608857556169395
6.0,6.987332907042234,-0.9873329070422336
7.0,6.180843370024712,0.8191566299752884
5.1,4.745094465389184,0.35490553461081564
6.4,6.313109773800907,0.08689022619909359
4.3,4.964200881732616,-0.6642008817326159
6.0,6.265497041390335,-0.2654970413903346
6.4,6.296976782546404,0.10302321745359677
4.9,5.953995572566258,-1.053995572566258
5.0,5.37318438768449,-0.37318438768449
6.3,4.972591486027873,1.3274085139721272
5.0,5.087094474802052,-0.08709447480205235
7.2,7.317331351942032,-0.11733135194203204
7.2,7.448652867505983,-0.24865286750598248
5.4,4.7586148398273425,0.6413851601726579
5.8,4.744740511855889,1.0552594881441104
4.9,4.859088942102361,0.04091105789763905
5.1,5.397015444473085,-0.29701544447308503
6.0,5.957300944748045,0.04269905525195483
7.3,6.669658980791778,0.6303410192082222
8.0,7.570245288495451,0.4297547115045486
6.0,5.524451695981629,0.4755483040183712
4.7,4.971358816181131,-0.2713588161811309
4.8,5.300201134479419,-0.5002011344794193
5.8,4.972572104889161,0.8274278951108389
6.5,6.0769995986237895,0.42300040137621053
7.0,6.0043013116291695,0.9956986883708305
6.1,5.534278047488027,0.5657219525119723
4.2,5.460499713650906,-1.2604997136509057
7.0,6.654411873998395,0.34558812600160493
6.2,5.9512669351859335,0.24873306481406665
6.9,6.252842113439269,0.6471578865607315
5.6,5.14833503155397,0.4516649684460292
4.5,5.449747841831023,-0.949747841831023
8.6,8.034069258391838,0.5659307416081614
4.9,5.539399970235982,-0.6393999702359814
6.4,6.216649866628862,0.18335013337113804
4.8,4.9608454778058935,-0.16084547780589364
5.5,4.961098222298015,0.5389017777019847
6.0,5.506619199989986,0.49338080001001394
4.1,5.63242448294911,-1.5324244829491107
5.2,6.741363260506809,-1.5413632605068086
6.7,6.2537962480485225,0.44620375195147766
5.7,5.881545234142284,-0.18154523414228407
6.6,6.923613145492748,-0.32361314549274844
7.7,7.422116289597673,0.2778837104023273
7.7,7.543299528387878,0.15670047161212253
8.9,8.099200903049834,0.8007990969501666
4.2,5.044150700967061,-0.8441507009670612
5.0,5.851110134464303,-0.8511101344643031
7.0,6.9339341256646145,0.06606587433538547
4.3,5.169301553105795,-0.869301553105795
8.0,7.455404038243142,0.5445959617568583
4.6,4.660524530524869,-0.06052453052486939
5.4,5.119960120514731,0.280039879485269
8.2,7.843854585117146,0.3561454148828531
7.3,7.5068854075077125,-0.20688540750771267
8.0,7.227459865977695,0.7725401340223046
6.8,6.584208836591072,0.21579116340892757
7.1,7.7368366782569815,-0.6368366782569819
6.5,7.038871448808459,-0.5388714488084592
8.1,6.662590475503511,1.4374095244964886
4.0,5.044064670282518,-1.044064670282518
7.8,8.106769017291395,-0.30676901729139505
7.3,6.648068103180934,0.6519318968190655
8.6,7.2107197141181025,1.3892802858818971
4.7,5.039429548391074,-0.33942954839107387
8.6,7.667346160208571,0.9326538397914286
3.8,4.605422010120537,-0.8054220101205374
4.6,4.949242055475166,-0.34924205547516607
8.9,7.440875272144469,1.4591247278555315
6.8,6.963270356400535,-0.16327035640053555
6.0,6.508303971829128,-0.508303971829128
7.1,6.8300535512502005,0.2699464487497991
6.1,4.767138533269106,1.3328614667308933
6.0,6.14417254704388,-0.14417254704387972
8.0,7.667608811466993,0.3323911885330073
8.0,7.25702925942033,0.7429707405796702
8.9,7.731216644435706,1.168783355564294
6.0,6.337802462919714,-0.33780246291971405
7.5,8.324482519932847,-0.8244825199328467
7.0,6.636623991712621,0.36337600828737937
5.7,5.198114556554646,0.5018854434453539
7.5,7.630945057371071,-0.1309450573710711
7.9,7.8678509697716255,0.0321490302283749
5.4,5.4025194641499565,-0.0025194641499561854
5.1,5.568479929252333,-0.46847992925233317
5.0,4.454574726922444,0.545425273077556
4.5,5.373944170116984,-0.8739441701169843
6.8,6.5281513527881625,0.2718486472118373
5.0,4.918059404244334,0.08194059575566559
8.5,7.140759822267077,1.3592401777329233
6.2,5.8454924313511105,0.35450756864888966
4.9,5.294560905996061,-0.39456090599606064
6.6,6.371784890962576,0.22821510903742404
6.4,6.021442434402974,0.3785575655970259
4.2,4.985745361987546,-0.7857453619875461
5.0,5.468969741218076,-0.4689697412180758
7.0,6.5234491061508875,0.47655089384911253
4.7,5.658531546250962,-0.9585315462509616
6.0,6.608744124564691,-0.6087441245646907
7.2,7.058471426606683,0.14152857339331693
4.1,4.995004711906783,-0.8950047119067834
8.1,7.15155521959992,0.94844478040008
5.3,5.251391156345258,0.048608843654741385
8.5,7.501003615602592,0.9989963843974081
5.1,5.64404055946524,-0.5440405594652402
6.8,6.844126075880682,-0.044126075880682514
4.0,4.429287190944358,-0.42928719094435763
6.4,6.101238593120641,0.29876140687935937
7.0,6.8853115192368755,0.11468848076312455
7.0,6.824955306899078,0.1750446931009222
6.6,6.569069760187768,0.030930239812231974
3.7,4.8968446218622015,-1.1968446218622013
5.0,4.385785391120946,0.6142146088790543
5.9,5.907692402178673,-0.007692402178673063
8.0,7.516258539380736,0.4837414606192638
5.0,6.554598197040323,-1.554598197040323
